name,price
UGG Tazz Slipper Mustard Seed (Women's),$228
Crocs Pollex Clog by Salehe Bembury Niagara,$84
Crocs Pollex Clog by Salehe Bembury Horchata,$83
Crocs Pollex Clog by Salehe Bembury Sasquatch,$139
UGG Tazz Slipper Chestnut (Women's),$146
Crocs Classic Clog Margaritaville,$84
Crocs Classic Mega Crush Clog Barbie The Movie Electric Pink,$67
UGG Classic Ultra Mini Chestnut (Women's),$123
UGG Tasman Slipper Chestnut (Women's),$98
Birkenstock Boston Soft Footbed Suede Taupe,$168
Crocs Classic Clog Lightning McQueen (TD),$86
UGG Tasman Slipper Chestnut,$100
"Timberland 6"" Premium Waterproof Boot Wheat",$122
Crocs Pollex Clog by Salehe Bembury Tide,$81
Crocs Classic Clog Barbie Electric Pink,$58
UGG Tasman Slipper Black,$101
UGG Tasman Slipper Black (Women's),$107
Crocs Pollex Clog by Salehe Bembury Kuwata,$89
Crocs Pollex Clog by Salehe Bembury Cobbler,$89
UGG Classic Ultra Mini Platform Chestnut (Women's),$153
UGG Disquette Slipper Chestnut (Women's),$95
UGG Tasman Slipper Driftwood (Women's),$151
Crocs Pollex Slide by Salehe Bembury Tashmoo,$56
UGG Neumel Boot Black,$117
UGG Tazz Slipper Black (Women's),$117
Crocs Classic Clog Black,$45
"Timberland 6"" Boot Black Nubuck Premium",$122
UGG Neumel Boot Chestnut,$81
Crocs Mellow Slide Taco Bell Live Más,$41
Crocs Classic Clog Lightning McQueen (Kids),$68
UGG Classic Ultra Mini Antilope (Women's),$176
Crocs Echo Clog Stucco,$64
Crocs Classic Clog Bieber with drew house,$65
Crocs Classic Clog 7-Eleven Black,$66
Crocs Classic Cozzzy Sandal Barbie Electric Pink,$79
Crocs Classic Clog Cinnamon Toast Crunch,$108
UGG Classic Ultra Mini Black (Women's),$107
Crocs Classic Bae Clog Black (Women's),$66
Crocs Pollex Clog by Salehe Bembury Stratus,$208
UGG Tazz Slipper Mustard Seed (Women's),$228
Crocs Pollex Clog by Salehe Bembury Niagara,$84
Crocs Pollex Clog by Salehe Bembury Horchata,$83
Crocs Pollex Clog by Salehe Bembury Sasquatch,$139
UGG Tazz Slipper Chestnut (Women's),$146
Crocs Classic Clog Margaritaville,$84
Crocs Classic Mega Crush Clog Barbie The Movie Electric Pink,$67
UGG Classic Ultra Mini Chestnut (Women's),$123
UGG Tasman Slipper Chestnut (Women's),$98
Birkenstock Boston Soft Footbed Suede Taupe,$168
Crocs Classic Clog Lightning McQueen (TD),$86
UGG Tasman Slipper Chestnut,$100
"Timberland 6"" Premium Waterproof Boot Wheat",$122
Crocs Pollex Clog by Salehe Bembury Tide,$81
Crocs Classic Clog Barbie Electric Pink,$58
UGG Tasman Slipper Black,$101
UGG Tasman Slipper Black (Women's),$107
Crocs Pollex Clog by Salehe Bembury Kuwata,$89
Crocs Pollex Clog by Salehe Bembury Cobbler,$89
UGG Classic Ultra Mini Platform Chestnut (Women's),$153
UGG Disquette Slipper Chestnut (Women's),$95
UGG Tasman Slipper Driftwood (Women's),$151
Crocs Pollex Slide by Salehe Bembury Tashmoo,$56
UGG Neumel Boot Black,$117
UGG Tazz Slipper Black (Women's),$117
Crocs Classic Clog Black,$45
"Timberland 6"" Boot Black Nubuck Premium",$122
UGG Neumel Boot Chestnut,$81
Crocs Mellow Slide Taco Bell Live Más,$41
Crocs Classic Clog Lightning McQueen (Kids),$68
UGG Classic Ultra Mini Antilope (Women's),$176
Crocs Echo Clog Stucco,$64
Crocs Classic Clog Bieber with drew house,$65
Crocs Classic Clog 7-Eleven Black,$66
Crocs Classic Cozzzy Sandal Barbie Electric Pink,$79
Crocs Classic Clog Cinnamon Toast Crunch,$108
UGG Classic Ultra Mini Black (Women's),$107
Crocs Classic Bae Clog Black (Women's),$66
Crocs Pollex Clog by Salehe Bembury Stratus,$208
UGG Tazz Slipper Mustard Seed (Women's),$228
Crocs Pollex Clog by Salehe Bembury Niagara,$84
Crocs Pollex Clog by Salehe Bembury Horchata,$83
Crocs Pollex Clog by Salehe Bembury Sasquatch,$139
UGG Tazz Slipper Chestnut (Women's),$146
Crocs Classic Clog Margaritaville,$84
Crocs Classic Mega Crush Clog Barbie The Movie Electric Pink,$67
UGG Classic Ultra Mini Chestnut (Women's),$123
UGG Tasman Slipper Chestnut (Women's),$98
Birkenstock Boston Soft Footbed Suede Taupe,$168
Crocs Classic Clog Lightning McQueen (TD),$86
UGG Tasman Slipper Chestnut,$100
"Timberland 6"" Premium Waterproof Boot Wheat",$122
Crocs Pollex Clog by Salehe Bembury Tide,$81
Crocs Classic Clog Barbie Electric Pink,$58
UGG Tasman Slipper Black,$101
UGG Tasman Slipper Black (Women's),$107
Crocs Pollex Clog by Salehe Bembury Kuwata,$89
Crocs Pollex Clog by Salehe Bembury Cobbler,$89
UGG Classic Ultra Mini Platform Chestnut (Women's),$153
UGG Disquette Slipper Chestnut (Women's),$95
UGG Tasman Slipper Driftwood (Women's),$151
Crocs Pollex Slide by Salehe Bembury Tashmoo,$56
UGG Neumel Boot Black,$117
UGG Tazz Slipper Black (Women's),$117
Crocs Classic Clog Black,$45
"Timberland 6"" Boot Black Nubuck Premium",$122
UGG Neumel Boot Chestnut,$81
Crocs Mellow Slide Taco Bell Live Más,$41
Crocs Classic Clog Lightning McQueen (Kids),$68
UGG Classic Ultra Mini Antilope (Women's),$176
Crocs Echo Clog Stucco,$64
Crocs Classic Clog Bieber with drew house,$65
Crocs Classic Clog 7-Eleven Black,$66
Crocs Classic Cozzzy Sandal Barbie Electric Pink,$79
Crocs Classic Clog Cinnamon Toast Crunch,$108
UGG Classic Ultra Mini Black (Women's),$107
Crocs Classic Bae Clog Black (Women's),$66
Crocs Pollex Clog by Salehe Bembury Stratus,$208
UGG Tazz Slipper Mustard Seed (Women's),$228
Crocs Pollex Clog by Salehe Bembury Niagara,$84
Crocs Pollex Clog by Salehe Bembury Horchata,$83
Crocs Pollex Clog by Salehe Bembury Sasquatch,$139
UGG Tazz Slipper Chestnut (Women's),$146
Crocs Classic Clog Margaritaville,$84
Crocs Classic Mega Crush Clog Barbie The Movie Electric Pink,$67
UGG Classic Ultra Mini Chestnut (Women's),$123
UGG Tasman Slipper Chestnut (Women's),$98
Birkenstock Boston Soft Footbed Suede Taupe,$168
Crocs Classic Clog Lightning McQueen (TD),$86
UGG Tasman Slipper Chestnut,$100
"Timberland 6"" Premium Waterproof Boot Wheat",$122
Crocs Pollex Clog by Salehe Bembury Tide,$81
Crocs Classic Clog Barbie Electric Pink,$58
UGG Tasman Slipper Black,$101
UGG Tasman Slipper Black (Women's),$107
Crocs Pollex Clog by Salehe Bembury Kuwata,$89
Crocs Pollex Clog by Salehe Bembury Cobbler,$89
UGG Classic Ultra Mini Platform Chestnut (Women's),$153
UGG Disquette Slipper Chestnut (Women's),$95
UGG Tasman Slipper Driftwood (Women's),$151
Crocs Pollex Slide by Salehe Bembury Tashmoo,$56
UGG Neumel Boot Black,$117
UGG Tazz Slipper Black (Women's),$117
Crocs Classic Clog Black,$45
"Timberland 6"" Boot Black Nubuck Premium",$122
UGG Neumel Boot Chestnut,$81
Crocs Mellow Slide Taco Bell Live Más,$41
Crocs Classic Clog Lightning McQueen (Kids),$68
UGG Classic Ultra Mini Antilope (Women's),$176
Crocs Echo Clog Stucco,$64
Crocs Classic Clog Bieber with drew house,$65
Crocs Classic Clog 7-Eleven Black,$66
Crocs Classic Cozzzy Sandal Barbie Electric Pink,$79
Crocs Classic Clog Cinnamon Toast Crunch,$108
UGG Classic Ultra Mini Black (Women's),$107
Crocs Classic Bae Clog Black (Women's),$66
Crocs Pollex Clog by Salehe Bembury Stratus,$208
UGG Tazz Slipper Mustard Seed (Women's),$228
Crocs Pollex Clog by Salehe Bembury Niagara,$84
Crocs Pollex Clog by Salehe Bembury Horchata,$83
Crocs Pollex Clog by Salehe Bembury Sasquatch,$139
UGG Tazz Slipper Chestnut (Women's),$146
Crocs Classic Clog Margaritaville,$84
Crocs Classic Mega Crush Clog Barbie The Movie Electric Pink,$67
UGG Classic Ultra Mini Chestnut (Women's),$123
UGG Tasman Slipper Chestnut (Women's),$98
Birkenstock Boston Soft Footbed Suede Taupe,$168
Crocs Classic Clog Lightning McQueen (TD),$86
UGG Tasman Slipper Chestnut,$100
"Timberland 6"" Premium Waterproof Boot Wheat",$122
Crocs Pollex Clog by Salehe Bembury Tide,$81
Crocs Classic Clog Barbie Electric Pink,$58
UGG Tasman Slipper Black,$101
UGG Tasman Slipper Black (Women's),$107
Crocs Pollex Clog by Salehe Bembury Kuwata,$89
Crocs Pollex Clog by Salehe Bembury Cobbler,$89
UGG Classic Ultra Mini Platform Chestnut (Women's),$153
UGG Disquette Slipper Chestnut (Women's),$95
UGG Tasman Slipper Driftwood (Women's),$151
Crocs Pollex Slide by Salehe Bembury Tashmoo,$56
UGG Neumel Boot Black,$117
UGG Tazz Slipper Black (Women's),$117
Crocs Classic Clog Black,$45
"Timberland 6"" Boot Black Nubuck Premium",$122
UGG Neumel Boot Chestnut,$81
Crocs Mellow Slide Taco Bell Live Más,$41
Crocs Classic Clog Lightning McQueen (Kids),$68
UGG Classic Ultra Mini Antilope (Women's),$176
Crocs Echo Clog Stucco,$64
Crocs Classic Clog Bieber with drew house,$65
Crocs Classic Clog 7-Eleven Black,$66
Crocs Classic Cozzzy Sandal Barbie Electric Pink,$79
Crocs Classic Clog Cinnamon Toast Crunch,$108
UGG Classic Ultra Mini Black (Women's),$107
Crocs Classic Bae Clog Black (Women's),$66
Crocs Pollex Clog by Salehe Bembury Stratus,$208
UGG Tazz Slipper Mustard Seed (Women's),$228
Crocs Pollex Clog by Salehe Bembury Niagara,$84
Crocs Pollex Clog by Salehe Bembury Horchata,$83
Crocs Pollex Clog by Salehe Bembury Sasquatch,$139
UGG Tazz Slipper Chestnut (Women's),$146
Crocs Classic Clog Margaritaville,$84
Crocs Classic Mega Crush Clog Barbie The Movie Electric Pink,$67
UGG Classic Ultra Mini Chestnut (Women's),$123
UGG Tasman Slipper Chestnut (Women's),$98
Birkenstock Boston Soft Footbed Suede Taupe,$168
Crocs Classic Clog Lightning McQueen (TD),$86
UGG Tasman Slipper Chestnut,$100
"Timberland 6"" Premium Waterproof Boot Wheat",$122
Crocs Pollex Clog by Salehe Bembury Tide,$81
Crocs Classic Clog Barbie Electric Pink,$58
UGG Tasman Slipper Black,$101
UGG Tasman Slipper Black (Women's),$107
Crocs Pollex Clog by Salehe Bembury Kuwata,$89
Crocs Pollex Clog by Salehe Bembury Cobbler,$89
UGG Classic Ultra Mini Platform Chestnut (Women's),$153
UGG Disquette Slipper Chestnut (Women's),$95
UGG Tasman Slipper Driftwood (Women's),$151
Crocs Pollex Slide by Salehe Bembury Tashmoo,$56
UGG Neumel Boot Black,$117
UGG Tazz Slipper Black (Women's),$117
Crocs Classic Clog Black,$45
"Timberland 6"" Boot Black Nubuck Premium",$122
UGG Neumel Boot Chestnut,$81
Crocs Mellow Slide Taco Bell Live Más,$41
Crocs Classic Clog Lightning McQueen (Kids),$68
UGG Classic Ultra Mini Antilope (Women's),$176
Crocs Echo Clog Stucco,$64
Crocs Classic Clog Bieber with drew house,$65
Crocs Classic Clog 7-Eleven Black,$66
Crocs Classic Cozzzy Sandal Barbie Electric Pink,$79
Crocs Classic Clog Cinnamon Toast Crunch,$108
UGG Classic Ultra Mini Black (Women's),$107
Crocs Classic Bae Clog Black (Women's),$66
Crocs Pollex Clog by Salehe Bembury Stratus,$208
UGG Tazz Slipper Mustard Seed (Women's),$228
Crocs Pollex Clog by Salehe Bembury Niagara,$84
Crocs Pollex Clog by Salehe Bembury Horchata,$83
Crocs Pollex Clog by Salehe Bembury Sasquatch,$139
UGG Tazz Slipper Chestnut (Women's),$146
Crocs Classic Clog Margaritaville,$84
Crocs Classic Mega Crush Clog Barbie The Movie Electric Pink,$67
UGG Classic Ultra Mini Chestnut (Women's),$123
UGG Tasman Slipper Chestnut (Women's),$98
Birkenstock Boston Soft Footbed Suede Taupe,$168
Crocs Classic Clog Lightning McQueen (TD),$86
UGG Tasman Slipper Chestnut,$100
"Timberland 6"" Premium Waterproof Boot Wheat",$122
Crocs Pollex Clog by Salehe Bembury Tide,$81
Crocs Classic Clog Barbie Electric Pink,$58
UGG Tasman Slipper Black,$101
UGG Tasman Slipper Black (Women's),$107
Crocs Pollex Clog by Salehe Bembury Kuwata,$89
Crocs Pollex Clog by Salehe Bembury Cobbler,$89
UGG Classic Ultra Mini Platform Chestnut (Women's),$153
UGG Disquette Slipper Chestnut (Women's),$95
UGG Tasman Slipper Driftwood (Women's),$151
Crocs Pollex Slide by Salehe Bembury Tashmoo,$56
UGG Neumel Boot Black,$117
UGG Tazz Slipper Black (Women's),$117
Crocs Classic Clog Black,$45
"Timberland 6"" Boot Black Nubuck Premium",$122
UGG Neumel Boot Chestnut,$81
Crocs Mellow Slide Taco Bell Live Más,$41
Crocs Classic Clog Lightning McQueen (Kids),$68
UGG Classic Ultra Mini Antilope (Women's),$176
Crocs Echo Clog Stucco,$64
Crocs Classic Clog Bieber with drew house,$65
Crocs Classic Clog 7-Eleven Black,$66
Crocs Classic Cozzzy Sandal Barbie Electric Pink,$79
Crocs Classic Clog Cinnamon Toast Crunch,$108
UGG Classic Ultra Mini Black (Women's),$107
Crocs Classic Bae Clog Black (Women's),$66
Crocs Pollex Clog by Salehe Bembury Stratus,$208
UGG Tazz Slipper Mustard Seed (Women's),$228
Crocs Pollex Clog by Salehe Bembury Niagara,$84
Crocs Pollex Clog by Salehe Bembury Horchata,$83
Crocs Pollex Clog by Salehe Bembury Sasquatch,$139
UGG Tazz Slipper Chestnut (Women's),$146
Crocs Classic Clog Margaritaville,$84
Crocs Classic Mega Crush Clog Barbie The Movie Electric Pink,$67
UGG Classic Ultra Mini Chestnut (Women's),$123
UGG Tasman Slipper Chestnut (Women's),$98
Birkenstock Boston Soft Footbed Suede Taupe,$168
Crocs Classic Clog Lightning McQueen (TD),$86
UGG Tasman Slipper Chestnut,$100
"Timberland 6"" Premium Waterproof Boot Wheat",$122
Crocs Pollex Clog by Salehe Bembury Tide,$81
Crocs Classic Clog Barbie Electric Pink,$58
UGG Tasman Slipper Black,$101
UGG Tasman Slipper Black (Women's),$107
Crocs Pollex Clog by Salehe Bembury Kuwata,$89
Crocs Pollex Clog by Salehe Bembury Cobbler,$89
UGG Classic Ultra Mini Platform Chestnut (Women's),$153
UGG Disquette Slipper Chestnut (Women's),$95
UGG Tasman Slipper Driftwood (Women's),$151
Crocs Pollex Slide by Salehe Bembury Tashmoo,$56
UGG Neumel Boot Black,$117
UGG Tazz Slipper Black (Women's),$117
Crocs Classic Clog Black,$45
"Timberland 6"" Boot Black Nubuck Premium",$122
UGG Neumel Boot Chestnut,$81
Crocs Mellow Slide Taco Bell Live Más,$41
Crocs Classic Clog Lightning McQueen (Kids),$68
UGG Classic Ultra Mini Antilope (Women's),$176
Crocs Echo Clog Stucco,$64
Crocs Classic Clog Bieber with drew house,$65
Crocs Classic Clog 7-Eleven Black,$66
Crocs Classic Cozzzy Sandal Barbie Electric Pink,$79
Crocs Classic Clog Cinnamon Toast Crunch,$108
UGG Classic Ultra Mini Black (Women's),$107
Crocs Classic Bae Clog Black (Women's),$66
Crocs Pollex Clog by Salehe Bembury Stratus,$208
UGG Tazz Slipper Mustard Seed (Women's),$228
Crocs Pollex Clog by Salehe Bembury Niagara,$84
Crocs Pollex Clog by Salehe Bembury Horchata,$83
Crocs Pollex Clog by Salehe Bembury Sasquatch,$139
UGG Tazz Slipper Chestnut (Women's),$146
Crocs Classic Clog Margaritaville,$84
Crocs Classic Mega Crush Clog Barbie The Movie Electric Pink,$67
UGG Classic Ultra Mini Chestnut (Women's),$123
UGG Tasman Slipper Chestnut (Women's),$98
Birkenstock Boston Soft Footbed Suede Taupe,$168
Crocs Classic Clog Lightning McQueen (TD),$86
UGG Tasman Slipper Chestnut,$100
"Timberland 6"" Premium Waterproof Boot Wheat",$122
Crocs Pollex Clog by Salehe Bembury Tide,$81
Crocs Classic Clog Barbie Electric Pink,$58
UGG Tasman Slipper Black,$101
UGG Tasman Slipper Black (Women's),$107
Crocs Pollex Clog by Salehe Bembury Kuwata,$89
Crocs Pollex Clog by Salehe Bembury Cobbler,$89
UGG Classic Ultra Mini Platform Chestnut (Women's),$153
UGG Disquette Slipper Chestnut (Women's),$95
UGG Tasman Slipper Driftwood (Women's),$151
Crocs Pollex Slide by Salehe Bembury Tashmoo,$56
UGG Neumel Boot Black,$117
UGG Tazz Slipper Black (Women's),$117
Crocs Classic Clog Black,$45
"Timberland 6"" Boot Black Nubuck Premium",$122
UGG Neumel Boot Chestnut,$81
Crocs Mellow Slide Taco Bell Live Más,$41
Crocs Classic Clog Lightning McQueen (Kids),$68
UGG Classic Ultra Mini Antilope (Women's),$176
Crocs Echo Clog Stucco,$64
Crocs Classic Clog Bieber with drew house,$65
Crocs Classic Clog 7-Eleven Black,$66
Crocs Classic Cozzzy Sandal Barbie Electric Pink,$79
Crocs Classic Clog Cinnamon Toast Crunch,$108
UGG Classic Ultra Mini Black (Women's),$107
Crocs Classic Bae Clog Black (Women's),$66
Crocs Pollex Clog by Salehe Bembury Stratus,$208
